feature,mean_abs_shap
EXT_SOURCE_2,0.33581358
EXT_SOURCE_3,0.2810275
EXT_SOURCE_1,0.13041724
ANNUITY_CREDIT_RATIO,0.118704215
BUREAU_BUREAU_DEBT_CREDIT_RATIO_MAX,0.110640794
GOODS_CREDIT_RATIO,0.104147166
INST_LATE_PAYMENT_FLAG_MEAN,0.096393436
AMT_ANNUITY,0.09023512
INST_AMT_PAYMENT_SUM,0.08358867
CODE_GENDER_F,0.082088456
PREV_CNT_PAYMENT_MAX,0.07049329
NAME_FAMILY_STATUS_Married,0.06249305
FLAG_OWN_CAR_N,0.062093534
NAME_EDUCATION_TYPE_Higher education,0.06134285
PREV_PREV_CREDIT_APPLICATION_RATIO_MEAN,0.05939597
INST_PAYMENT_DELAY_MAX,0.053311262
BUREAU_DAYS_CREDIT_ENDDATE_MAX,0.051095758
CODE_GENDER_M,0.050814323
INST_AMT_INSTALMENT_MAX,0.04881474
PREV_PREV_REFUSED_FLAG_MEAN,0.04605789
EMPLOYED_YEARS,0.043848455
AMT_GOODS_PRICE,0.043606475
BUREAU_BUREAU_DEBT_CREDIT_RATIO_MEAN,0.042917427
PREV_AMT_ANNUITY_MEAN,0.04074324
DAYS_EMPLOYED,0.038614832
ANNUITY_INCOME_RATIO,0.0377985
DAYS_BIRTH,0.035896618
AGE_YEARS,0.034586683
INST_DAYS_ENTRY_PAYMENT_MAX,0.03155902
PREV_AMT_DOWN_PAYMENT_MAX,0.029501216
INST_AMT_PAYMENT_MEAN,0.028520925
REGION_POPULATION_RELATIVE,0.027623365
FLAG_DOCUMENT_3,0.027595604
AMT_CREDIT,0.026940562
EMPLOYED_AGE_RATIO,0.026555084
REGION_RATING_CLIENT_W_CITY,0.024482341
INST_AMT_PAYMENT_MAX,0.024474476
AMT_REQ_CREDIT_BUREAU_QRT,0.02414055
PREV_PREV_CREDIT_APPLICATION_RATIO_MAX,0.02363614
INST_DAYS_INSTALMENT_MIN,0.023580661
INST_PAYMENT_DELAY_MEAN,0.023380945
ID_PUBLISH_YEARS,0.023113979
DAYS_LAST_PHONE_CHANGE,0.022536444
INST_PAYMENT_SHORTFALL_MEAN,0.022361469
DAYS_ID_PUBLISH,0.021283362
INST_DAYS_ENTRY_PAYMENT_MEAN,0.020669978
INST_DAYS_ENTRY_PAYMENT_MIN,0.02066526
FLAG_WORK_PHONE,0.020589015
NAME_EDUCATION_TYPE_Secondary / secondary special,0.020220384
PREV_CNT_PAYMENT_MEAN,0.019192537
NAME_INCOME_TYPE_Working,0.018334951
INST_PAYMENT_SHORTFALL_SUM,0.01825986
REG_CITY_NOT_LIVE_CITY,0.01798346
DEF_60_CNT_SOCIAL_CIRCLE,0.017789792
BUREAU_AMT_CREDIT_SUM_SUM,0.016928162
INST_DAYS_INSTALMENT_MEAN,0.016921908
BUREAU_AMT_CREDIT_SUM_MAX,0.016858464
BUREAU_DAYS_CREDIT_MEAN,0.015963292
BUREAU_DAYS_CREDIT_MIN,0.015908623
PREV_PREV_APPROVED_FLAG_MEAN,0.015693929
PREV_HOUR_APPR_PROCESS_START_MEAN,0.015203559
INST_NUM_INSTALMENT_VERSION_NUNIQUE,0.015091653
ORGANIZATION_TYPE_Self-employed,0.014911987
INST_DAYS_INSTALMENT_MAX,0.014897015
PREV_PREV_ANNUITY_CREDIT_RATIO_MEAN,0.014790007
PREV_PREV_APPROVED_FLAG_SUM,0.014227519
BUREAU_BUREAU_IS_CLOSED_MEAN,0.01400512
DEF_30_CNT_SOCIAL_CIRCLE,0.013325773
BUREAU_DAYS_CREDIT_MAX,0.013086796
NAME_CONTRACT_TYPE_Cash loans,0.012867648
INST_NUM_INSTALMENT_NUMBER_MAX,0.012672057
BUREAU_AMT_CREDIT_SUM_MEAN,0.012542767
OCCUPATION_TYPE_Core staff,0.012430402
ORGANIZATION_TYPE_Business Entity Type 3,0.012265929
PREV_DAYS_DECISION_MAX,0.012053368
CREDIT_INCOME_RATIO,0.011981029
INST_AMT_INSTALMENT_SUM,0.010658145
BUREAU_DAYS_CREDIT_ENDDATE_MEAN,0.010656971
YEARS_BEGINEXPLUATATION_MODE,0.010057718
BUREAU_AMT_CREDIT_SUM_DEBT_MAX,0.009571014
AMT_REQ_CREDIT_BUREAU_YEAR,0.009519861
PREV_AMT_DOWN_PAYMENT_MEAN,0.009240636
REGISTRATION_YEARS,0.008747446
PREV_DAYS_DECISION_MIN,0.008741862
NAME_INCOME_TYPE_State servant,0.008614498
WALLSMATERIAL_MODE_Panel,0.008348915
BUREAU_DAYS_CREDIT_ENDDATE_MIN,0.008305427
PREV_PREV_ANNUITY_CREDIT_RATIO_MAX,0.00815685
INST_PAYMENT_SHORTFALL_MAX,0.0078089214
PREV_AMT_CREDIT_MAX,0.00770944
BUREAU_BUREAU_IS_CLOSED_SUM,0.007668405
INST_SK_ID_PREV_COUNT,0.0073107597
DAYS_REGISTRATION,0.0071600666
PREV_AMT_ANNUITY_MAX,0.0069312807
AMT_INCOME_TOTAL,0.0067786616
HOUR_APPR_PROCESS_START,0.00660228
APARTMENTS_AVG,0.0064474517
ORGANIZATION_TYPE_School,0.0063505634
INST_PAYMENT_RATIO_MEAN,0.006321477
BUREAU_BUREAU_IS_ACTIVE_SUM,0.0062269005
ORGANIZATION_TYPE_Construction,0.006187777
FLAG_OWN_CAR_Y,0.0060447524
PREV_AMT_CREDIT_SUM,0.0059884954
OCCUPATION_TYPE_Drivers,0.0059531606
PREV_RATE_DOWN_PAYMENT_MAX,0.0058726687
PREV_AMT_APPLICATION_MEAN,0.005764476
PREV_DAYS_DECISION_MEAN,0.005555651
WEEKDAY_APPR_PROCESS_START_MONDAY,0.0055382345
BUREAU_AMT_CREDIT_SUM_DEBT_SUM,0.0053719124
BUREAU_SK_ID_BUREAU_COUNT,0.005217051
BUREAU_AMT_CREDIT_SUM_DEBT_MEAN,0.0051714773
ORGANIZATION_TYPE_Military,0.0050711557
PREV_AMT_CREDIT_MEAN,0.0049702297
APARTMENTS_MODE,0.004738267
BUREAU_BUREAU_IS_ACTIVE_MEAN,0.004641242
OCCUPATION_TYPE_Accountants,0.0045333873
INST_PAYMENT_RATIO_MIN,0.004442051
NAME_HOUSING_TYPE_House / apartment,0.004402681
PREV_RATE_DOWN_PAYMENT_MEAN,0.0043612607
PREV_AMT_APPLICATION_MAX,0.0041488586
FLOORSMAX_MEDI,0.0041485867
OCCUPATION_TYPE_Laborers,0.0038608464
NAME_FAMILY_STATUS_Single / not married,0.0038296522
FLAG_DOCUMENT_18,0.0035938595
CNT_FAM_MEMBERS,0.0035535654
APARTMENTS_MEDI,0.0034382143
PREV_AMT_APPLICATION_SUM,0.0033230744
OCCUPATION_TYPE_Sales staff,0.0033145738
ORGANIZATION_TYPE_Industry: type 9,0.0030982683
OCCUPATION_TYPE_Unknown,0.0029917504
YEARS_BEGINEXPLUATATION_MEDI,0.0029916437
INST_AMT_INSTALMENT_MEAN,0.0029640542
WEEKDAY_APPR_PROCESS_START_SATURDAY,0.0028347017
BASEMENTAREA_AVG,0.002711225
FLOORSMAX_AVG,0.0026285914
NONLIVINGAREA_MODE,0.002613896
BASEMENTAREA_MEDI,0.002613293
FLAG_DOCUMENT_13,0.0025959925
WEEKDAY_APPR_PROCESS_START_WEDNESDAY,0.0025859673
INST_PAYMENT_SHORTFALL_FLAG_SUM,0.0025724457
OBS_30_CNT_SOCIAL_CIRCLE,0.0025703697
FLAG_DOCUMENT_8,0.0025618488
YEARS_BEGINEXPLUATATION_AVG,0.0025537198
ENTRANCES_AVG,0.0025223684
OBS_60_CNT_SOCIAL_CIRCLE,0.0025160536
TOTALAREA_MODE,0.002350612
AMT_REQ_CREDIT_BUREAU_MON,0.002337843
LIVINGAREA_MODE,0.0022976159
ORGANIZATION_TYPE_Transport: type 3,0.0022920272
FLAG_PHONE,0.0022613015
BASEMENTAREA_MODE,0.0022255867
LIVINGAREA_MEDI,0.0020232853
INST_LATE_PAYMENT_FLAG_SUM,0.002010854
FLAG_DOCUMENT_16,0.001954634
LANDAREA_AVG,0.0019208506
REGION_RATING_CLIENT,0.0019089523
INST_PAYMENT_SHORTFALL_FLAG_MEAN,0.0017732452
LIVINGAREA_AVG,0.0017590488
"WALLSMATERIAL_MODE_Stone, brick",0.0017482183
LANDAREA_MEDI,0.0017117552
ELEVATORS_AVG,0.0016949981
NONLIVINGAREA_MEDI,0.0016875633
NAME_CONTRACT_TYPE_Revolving loans,0.0016364268
ORGANIZATION_TYPE_Trade: type 2,0.0016178895
FLOORSMAX_MODE,0.0015950338
LANDAREA_MODE,0.0015448552
ORGANIZATION_TYPE_Bank,0.0014424443
NONLIVINGAREA_AVG,0.0013562053
BUREAU_AMT_CREDIT_SUM_OVERDUE_SUM,0.0013353779
PREV_SK_ID_PREV_COUNT,0.0012000692
ORGANIZATION_TYPE_Police,0.0011468516
PREV_PREV_REFUSED_FLAG_SUM,0.0011440128
OCCUPATION_TYPE_High skill tech staff,0.0011418294
ORGANIZATION_TYPE_Hotel,0.0011356848
NAME_EDUCATION_TYPE_Academic degree,0.0011093663
NAME_EDUCATION_TYPE_Lower secondary,0.0010800095
WEEKDAY_APPR_PROCESS_START_FRIDAY,0.0010103383
ENTRANCES_MEDI,0.0010029452
ORGANIZATION_TYPE_Security Ministries,0.0009880393
NAME_HOUSING_TYPE_Office apartment,0.0009837211
OCCUPATION_TYPE_Low-skill Laborers,0.00093616813
ENTRANCES_MODE,0.0009293967
ELEVATORS_MEDI,0.00089648506
ORGANIZATION_TYPE_Medicine,0.0008422405
ORGANIZATION_TYPE_Other,0.0008393657
CNT_CHILDREN,0.00079727033
NAME_TYPE_SUITE_Unaccompanied,0.0007657007
ORGANIZATION_TYPE_Government,0.0007474756
NAME_HOUSING_TYPE_Rented apartment,0.0007339329
NAME_EDUCATION_TYPE_Incomplete higher,0.00069173286
ELEVATORS_MODE,0.0006669854
ORGANIZATION_TYPE_Realtor,0.000590283
LIVE_CITY_NOT_WORK_CITY,0.00058691454
WEEKDAY_APPR_PROCESS_START_TUESDAY,0.0005677805
BUREAU_AMT_CREDIT_SUM_OVERDUE_MEAN,0.0005636719
OCCUPATION_TYPE_Medicine staff,0.0005633423
EMERGENCYSTATE_MODE_No,0.0005557915
BUREAU_CNT_CREDIT_PROLONG_SUM,0.00054411235
ORGANIZATION_TYPE_Kindergarten,0.00045219113
FLAG_EMAIL,0.0004371618
NAME_INCOME_TYPE_Pensioner,0.00041277014
WALLSMATERIAL_MODE_Unknown,0.00040758812
FLAG_DOCUMENT_11,0.00036554405
NAME_FAMILY_STATUS_Civil marriage,0.00035128964
FLAG_EMP_PHONE,0.00033546836
ORGANIZATION_TYPE_Trade: type 6,0.0003252381
BUREAU_CNT_CREDIT_PROLONG_MEAN,0.0003206929
FLAG_OWN_REALTY_N,0.00031170715
AMT_REQ_CREDIT_BUREAU_WEEK,0.00030992803
NAME_INCOME_TYPE_Commercial associate,0.00029319056
FLAG_DOCUMENT_15,0.00027058186
NAME_TYPE_SUITE_Unknown,0.00023327366
NAME_FAMILY_STATUS_Widow,0.00023211076
AMT_REQ_CREDIT_BUREAU_DAY,0.00020816653
REG_CITY_NOT_WORK_CITY,0.0002061465
ORGANIZATION_TYPE_Industry: type 5,0.00019482174
NAME_TYPE_SUITE_Family,0.00019432901
NAME_HOUSING_TYPE_With parents,0.0001914216
WEEKDAY_APPR_PROCESS_START_THURSDAY,0.00018224723
BUREAU_AMT_CREDIT_SUM_OVERDUE_MAX,0.00017495445
WEEKDAY_APPR_PROCESS_START_SUNDAY,0.00017014776
ORGANIZATION_TYPE_Business Entity Type 2,0.00016778111
OCCUPATION_TYPE_Cleaning staff,0.00016563667
OCCUPATION_TYPE_Managers,0.00016406136
"NAME_TYPE_SUITE_Spouse, partner",0.00015974046
ORGANIZATION_TYPE_Legal Services,0.00015215292
HOUSETYPE_MODE_block of flats,0.0001285147
ORGANIZATION_TYPE_Transport: type 1,0.00012587625
ORGANIZATION_TYPE_Trade: type 3,0.00011205888
NAME_TYPE_SUITE_Children,0.00011056296
ORGANIZATION_TYPE_Business Entity Type 1,0.00010492549
HOUSETYPE_MODE_Unknown,0.00010396538
LIVE_REGION_NOT_WORK_REGION,9.6937074e-05
NAME_HOUSING_TYPE_Municipal apartment,8.6197506e-05
FLAG_DOCUMENT_14,8.4052714e-05
OCCUPATION_TYPE_Private service staff,7.6085875e-05
OCCUPATION_TYPE_Security staff,7.549613e-05
ORGANIZATION_TYPE_Industry: type 12,6.661367e-05
FLAG_CONT_MOBILE,6.5705055e-05
ORGANIZATION_TYPE_Telecom,5.7069752e-05
REG_REGION_NOT_WORK_REGION,5.5747136e-05
WALLSMATERIAL_MODE_Wooden,5.2488827e-05
ORGANIZATION_TYPE_Trade: type 4,4.991741e-05
FLAG_DOCUMENT_5,4.833191e-05
ORGANIZATION_TYPE_Services,4.4251236e-05
OCCUPATION_TYPE_Realty agents,4.046358e-05
BUREAU_CREDIT_DAY_OVERDUE_MEAN,3.993343e-05
BUREAU_CREDIT_DAY_OVERDUE_MAX,3.8543618e-05
WALLSMATERIAL_MODE_Block,3.751625e-05
WALLSMATERIAL_MODE_Monolithic,3.730495e-05
HOUSETYPE_MODE_terraced house,3.6587553e-05
ORGANIZATION_TYPE_Restaurant,3.6504425e-05
ORGANIZATION_TYPE_Transport: type 2,3.567759e-05
EMERGENCYSTATE_MODE_Unknown,3.519891e-05
HOUSETYPE_MODE_specific housing,3.403854e-05
NAME_FAMILY_STATUS_Separated,3.178154e-05
ORGANIZATION_TYPE_Industry: type 7,3.0694013e-05
ORGANIZATION_TYPE_Security,2.9772224e-05
REG_REGION_NOT_LIVE_REGION,2.9371455e-05
BUREAU_CREDIT_DAY_OVERDUE_SUM,2.706692e-05
OCCUPATION_TYPE_Secretaries,2.493412e-05
FLAG_OWN_REALTY_Y,2.1715698e-05
ORGANIZATION_TYPE_Transport: type 4,2.0632071e-05
BUREAU_BUREAU_OVERDUE_FLAG_MEAN,1.6765796e-05
ORGANIZATION_TYPE_Housing,1.510448e-05
NAME_HOUSING_TYPE_Co-op apartment,1.35420805e-05
ORGANIZATION_TYPE_Trade: type 7,1.2974608e-05
ORGANIZATION_TYPE_University,1.0797613e-05
FLAG_DOCUMENT_9,1.0504574e-05
OCCUPATION_TYPE_Cooking staff,1.018964e-05
NAME_TYPE_SUITE_Other_B,9.321115e-06
NAME_TYPE_SUITE_Other_A,6.742306e-06
ORGANIZATION_TYPE_Advertising,5.245802e-06
FLAG_MOBIL,0.0
ORGANIZATION_TYPE_XNA,0.0
ORGANIZATION_TYPE_Industry: type 6,0.0
ORGANIZATION_TYPE_Religion,0.0
ORGANIZATION_TYPE_Postal,0.0
ORGANIZATION_TYPE_Insurance,0.0
WALLSMATERIAL_MODE_Mixed,0.0
NAME_INCOME_TYPE_Unemployed,0.0
FLAG_DOCUMENT_7,0.0
ORGANIZATION_TYPE_Mobile,0.0
ORGANIZATION_TYPE_Industry: type 8,0.0
NAME_TYPE_SUITE_Group of people,0.0
CODE_GENDER_Unknown,0.0
NAME_INCOME_TYPE_Businessman,0.0
BUREAU_BUREAU_OVERDUE_FLAG_SUM,0.0
FLAG_DOCUMENT_6,0.0
FLAG_DOCUMENT_4,0.0
FLAG_DOCUMENT_2,0.0
EMERGENCYSTATE_MODE_Yes,0.0
WALLSMATERIAL_MODE_Others,0.0
NAME_INCOME_TYPE_Student,0.0
NAME_INCOME_TYPE_Maternity leave,0.0
OCCUPATION_TYPE_Waiters/barmen staff,0.0
NAME_FAMILY_STATUS_Unknown,0.0
FLAG_DOCUMENT_17,0.0
OCCUPATION_TYPE_IT staff,0.0
OCCUPATION_TYPE_HR staff,0.0
FLAG_DOCUMENT_20,0.0
FLAG_DOCUMENT_19,0.0
AMT_REQ_CREDIT_BUREAU_HOUR,0.0
FLAG_DOCUMENT_21,0.0
ORGANIZATION_TYPE_Agriculture,0.0
FLAG_DOCUMENT_12,0.0
ORGANIZATION_TYPE_Trade: type 1,0.0
ORGANIZATION_TYPE_Trade: type 5,0.0
ORGANIZATION_TYPE_Cleaning,0.0
FLAG_DOCUMENT_10,0.0
ORGANIZATION_TYPE_Electricity,0.0
ORGANIZATION_TYPE_Culture,0.0
ORGANIZATION_TYPE_Industry: type 11,0.0
ORGANIZATION_TYPE_Industry: type 10,0.0
ORGANIZATION_TYPE_Industry: type 1,0.0
ORGANIZATION_TYPE_Emergency,0.0
ORGANIZATION_TYPE_Industry: type 3,0.0
ORGANIZATION_TYPE_Industry: type 2,0.0
ORGANIZATION_TYPE_Industry: type 13,0.0
ORGANIZATION_TYPE_Industry: type 4,0.0
